{"format": "graph-model", "generatedBy": "2.18.0", "convertedBy": "TensorFlow.js Converter v4.22.0", "signature": {"inputs": {"inputs": {"name": "inputs:0", "dtype": "DT_FLOAT", "tensorShape": {"dim": [{"size": "-1"}, {"size": "4"}]}}}, "outputs": {"output_0": {"name": "Identity:0", "dtype": "DT_FLOAT", "tensorShape": {"dim": [{"size": "-1"}, {"size": "3"}]}}}}, "modelTopology": {"node": [{"name": "StatefulPartitionedCall/sequential_1/dense_1/Cast/ReadVariableOp", "op": "Const", "attr": {"value": {"tensor": {"dtype": "DT_FLOAT", "tensorShape": {"dim": [{"size": "4"}, {"size": "16"}]}}}, "dtype": {"type": "DT_FLOAT"}}}, {"name": "StatefulPartitionedCall/sequential_1/dense_1/BiasAdd/ReadVariableOp", "op": "Const", "attr": {"value": {"tensor": {"dtype": "DT_FLOAT", "tensorShape": {"dim": [{"size": "16"}]}}}, "dtype": {"type": "DT_FLOAT"}}}, {"name": "StatefulPartitionedCall/sequential_1/dense_1_2/Cast/ReadVariableOp", "op": "Const", "attr": {"value": {"tensor": {"dtype": "DT_FLOAT", "tensorShape": {"dim": [{"size": "16"}, {"size": "8"}]}}}, "dtype": {"type": "DT_FLOAT"}}}, {"name": "StatefulPartitionedCall/sequential_1/dense_1_2/BiasAdd/ReadVariableOp", "op": "Const", "attr": {"value": {"tensor": {"dtype": "DT_FLOAT", "tensorShape": {"dim": [{"size": "8"}]}}}, "dtype": {"type": "DT_FLOAT"}}}, {"name": "StatefulPartitionedCall/sequential_1/dense_2_1/Cast/ReadVariableOp", "op": "Const", "attr": {"value": {"tensor": {"dtype": "DT_FLOAT", "tensorShape": {"dim": [{"size": "8"}, {"size": "3"}]}}}, "dtype": {"type": "DT_FLOAT"}}}, {"name": "StatefulPartitionedCall/sequential_1/dense_2_1/BiasAdd/ReadVariableOp", "op": "Const", "attr": {"value": {"tensor": {"dtype": "DT_FLOAT", "tensorShape": {"dim": [{"size": "3"}]}}}, "dtype": {"type": "DT_FLOAT"}}}, {"name": "inputs", "op": "Placeholder", "attr": {"shape": {"shape": {"dim": [{"size": "-1"}, {"size": "4"}]}}, "dtype": {"type": "DT_FLOAT"}}}, {"name": "StatefulPartitionedCall/sequential_1/dense_1/Relu", "op": "_FusedMatMul", "input": ["inputs", "StatefulPartitionedCall/sequential_1/dense_1/Cast/ReadVariableOp", "StatefulPartitionedCall/sequential_1/dense_1/BiasAdd/ReadVariableOp"], "device": "/device:CPU:0", "attr": {"transpose_a": {"b": false}, "transpose_b": {"b": false}, "fused_ops": {"list": {"s": ["Qmlhc0FkZA==", "UmVsdQ=="]}}, "num_args": {"i": "1"}, "leakyrelu_alpha": {"f": 0.2}, "epsilon": {"f": 0.0}, "T": {"type": "DT_FLOAT"}}}, {"name": "StatefulPartitionedCall/sequential_1/dense_1_2/Relu", "op": "_FusedMatMul", "input": ["StatefulPartitionedCall/sequential_1/dense_1/Relu", "StatefulPartitionedCall/sequential_1/dense_1_2/Cast/ReadVariableOp", "StatefulPartitionedCall/sequential_1/dense_1_2/BiasAdd/ReadVariableOp"], "device": "/device:CPU:0", "attr": {"transpose_a": {"b": false}, "transpose_b": {"b": false}, "fused_ops": {"list": {"s": ["Qmlhc0FkZA==", "UmVsdQ=="]}}, "num_args": {"i": "1"}, "leakyrelu_alpha": {"f": 0.2}, "epsilon": {"f": 0.0}, "T": {"type": "DT_FLOAT"}}}, {"name": "StatefulPartitionedCall/sequential_1/dense_2_1/BiasAdd", "op": "_FusedMatMul", "input": ["StatefulPartitionedCall/sequential_1/dense_1_2/Relu", "StatefulPartitionedCall/sequential_1/dense_2_1/Cast/ReadVariableOp", "StatefulPartitionedCall/sequential_1/dense_2_1/BiasAdd/ReadVariableOp"], "device": "/device:CPU:0", "attr": {"transpose_a": {"b": false}, "transpose_b": {"b": false}, "fused_ops": {"list": {"s": ["Qmlhc0FkZA=="]}}, "leakyrelu_alpha": {"f": 0.2}, "num_args": {"i": "1"}, "epsilon": {"f": 0.0}, "T": {"type": "DT_FLOAT"}}}, {"name": "StatefulPartitionedCall/sequential_1/dense_2_1/Softmax", "op": "Softmax", "input": ["StatefulPartitionedCall/sequential_1/dense_2_1/BiasAdd"], "attr": {"T": {"type": "DT_FLOAT"}}}, {"name": "Identity", "op": "Identity", "input": ["StatefulPartitionedCall/sequential_1/dense_2_1/Softmax"], "attr": {"T": {"type": "DT_FLOAT"}}}], "library": {}, "versions": {"producer": 1994}}, "weightsManifest": [{"paths": ["group1-shard1of1.bin"], "weights": [{"name": "StatefulPartitionedCall/sequential_1/dense_1/Cast/ReadVariableOp", "shape": [4, 16], "dtype": "float32"}, {"name": "StatefulPartitionedCall/sequential_1/dense_1/BiasAdd/ReadVariableOp", "shape": [16], "dtype": "float32"}, {"name": "StatefulPartitionedCall/sequential_1/dense_1_2/Cast/ReadVariableOp", "shape": [16, 8], "dtype": "float32"}, {"name": "StatefulPartitionedCall/sequential_1/dense_1_2/BiasAdd/ReadVariableOp", "shape": [8], "dtype": "float32"}, {"name": "StatefulPartitionedCall/sequential_1/dense_2_1/Cast/ReadVariableOp", "shape": [8, 3], "dtype": "float32"}, {"name": "StatefulPartitionedCall/sequential_1/dense_2_1/BiasAdd/ReadVariableOp", "shape": [3], "dtype": "float32"}]}]}